code_canton;annee;pct_abstentions;population_15_29;population_30_44;population_45_59;population_60_74;population_75_plus;impot_moyen;agriculteurs_exploitants;artisans_comm_chefs_entr;cadres_prof_intel_sup;professions_intermediaires;employes;ouvriers;retraites;autres_sans_activite_prof;pct_agriculteurs_exploitants;pct_artisans_comm_chefs_entr;pct_cadres_prof_intel_sup;pct_professions_intermediaires;pct_employes;pct_ouvriers;pct_retraites;pct_autres_sans_activite_prof
401;2025;25.88;913;1160;1723;1902;947;3737.29;100;630;288;1081;984;483;2538;477;1.52;9.57;4.38;16.43;14.96;7.34;38.57;7.24
401;2026;26.44;898;1134;1720;1942;956;3885.89;97;638;289;1092;964;467;2583;450;1.47;9.69;4.40;16.60;14.65;7.09;39.25;6.84
401;2027;27.01;884;1108;1716;1982;966;4034.50;94;646;290;1104;944;450;2628;424;1.43;9.82;4.42;16.77;14.34;6.84;39.94;6.44
402;2025;22.45;1006;1288;2150;2802;1379;2473.97;174;557;423;911;1344;795;3365;985;2.04;6.51;4.94;10.65;15.71;9.30;39.33;11.52
402;2026;22.96;1001;1269;2155;2856;1398;2553.27;172;552;432;918;1350;788;3407;982;2;6.42;5.02;10.67;15.69;9.16;39.61;11.42
402;2027;23.46;995;1250;2160;2910;1417;2632.57;169;548;441;925;1356;781;3450;980;1.95;6.33;5.10;10.69;15.68;9.03;39.89;11.33
403;2025;24.22;1682;1803;2851;2631;1708;2878.97;69;539;501;1671;1702;1196;3693;1382;0.64;5.02;4.66;15.54;15.83;11.12;34.34;12.85
403;2026;24.88;1677;1775;2870;2657;1736;2961.27;71;546;503;1693;1714;1178;3721;1364;0.66;5.06;4.66;15.69;15.88;10.92;34.48;12.64
403;2027;25.54;1671;1747;2888;2683;1764;3043.57;72;554;506;1716;1725;1160;3748;1347;0.67;5.11;4.67;15.84;15.93;10.72;34.62;12.44
404;2025;18.89;161;205;387;415;219;2801.87;57;128;90;188;218;68;623;73;3.96;8.86;6.27;12.99;15.06;4.68;43.14;5.04
404;2026;19.27;157;200;386;424;223;2900.40;58;131;92;188;217;64;636;64;3.99;9.02;6.34;12.99;14.96;4.42;43.86;4.42
404;2027;19.65;152;195;386;434;226;2998.92;58;134;94;189;216;60;649;56;4.02;9.17;6.42;12.98;14.87;4.16;44.57;3.81
405;2025;20.82;803;976;1292;1262;796;2782.70;36;252;389;777;881;546;1576;760;0.69;4.84;7.45;14.89;16.89;10.47;30.20;14.57
405;2026;21.33;803;968;1294;1289;815;2839.02;36;256;396;780;884;545;1596;768;0.68;4.87;7.52;14.83;16.80;10.36;30.34;14.60
405;2027;21.85;802;960;1296;1315;834;2895.34;36;260;402;784;887;544;1616;776;0.67;4.91;7.59;14.77;16.72;10.25;30.47;14.62
406;2025;22.14;1292;1813;2438;2927;1524;3294;230;527;578;1104;1397;976;3739;1443;2.30;5.27;5.78;11.05;13.98;9.77;37.41;14.44
406;2026;22.73;1287;1814;2450;2985;1538;3392.77;232;531;583;1115;1412;979;3778;1444;2.31;5.27;5.78;11.07;14.02;9.72;37.50;14.33
406;2027;23.33;1283;1816;2462;3042;1552;3491.54;234;536;588;1126;1428;982;3818;1444;2.31;5.28;5.78;11.08;14.06;9.67;37.59;14.22
407;2025;21.28;453;667;937;922;523;5296.97;34;123;440;599;430;318;1147;485;0.96;3.44;12.31;16.76;12.01;8.89;32.06;13.57
407;2026;21.70;452;666;940;930;535;5469.16;35;119;446;604;433;324;1154;487;0.97;3.31;12.37;16.76;12.03;8.99;32.05;13.51
407;2027;22.12;451;665;944;938;546;5641.35;36;115;451;608;436;330;1162;488;0.98;3.17;12.44;16.77;12.04;9.09;32.04;13.46
408;2025;22.10;527;507;737;622;482;7458.05;14;172;204;540;412;333;844;381;0.49;5.95;7.04;18.61;14.19;11.50;29.10;13.12
408;2026;22.62;532;503;743;627;493;7828.14;14;177;207;553;410;334;847;381;0.48;6.07;7.09;18.91;14.03;11.41;28.98;13.02
408;2027;23.13;538;499;749;632;504;8198.22;14;182;210;566;409;334;850;381;0.47;6.19;7.14;19.20;13.88;11.33;28.85;12.93
409;2025;22.99;676;858;1113;785;563;3572.03;0;256;318;646;704;474;1100;541;0.01;6.34;7.88;15.99;17.43;11.74;27.24;13.38
409;2026;23.56;675;859;1126;797;570;3701.89;0;263;328;652;714;476;1107;539;0;6.45;8.04;15.98;17.51;11.66;27.15;13.21
409;2027;24.13;674;860;1139;808;576;3831.75;0;270;337;658;724;477;1114;536;0;6.56;8.19;15.98;17.59;11.59;27.06;13.04
410;2025;26.24;2055;2417;3014;2864;1803;3056.66;63;617;685;1849;1893;1623;4074;1321;0.52;5.09;5.65;15.25;15.61;13.38;33.60;10.90
410;2026;26.93;2069;2418;3049;2916;1833;3147.40;62;628;695;1884;1909;1629;4141;1306;0.51;5.13;5.67;15.37;15.57;13.29;33.79;10.66
410;2027;27.61;2084;2418;3084;2968;1863;3238.15;61;640;706;1918;1924;1636;4208;1291;0.49;5.16;5.70;15.49;15.54;13.21;33.98;10.43
411;2025;20.25;1220;1621;2300;2919;1336;3840.36;250;729;502;1291;1336;936;3374;1056;2.63;7.69;5.30;13.63;14.10;9.88;35.62;11.14
411;2026;20.63;1211;1610;2296;2972;1353;3959.39;249;737;505;1308;1341;936;3397;1046;2.62;7.75;5.31;13.74;14.09;9.83;35.68;10.98
411;2027;21.02;1201;1600;2291;3024;1370;4078.43;248;746;509;1326;1347;936;3420;1036;2.60;7.80;5.32;13.85;14.08;9.78;35.74;10.82
412;2025;23.55;1020;1210;2003;2371;1270;2934.02;264;492;290;964;1248;784;2949;940;3.32;6.20;3.66;12.15;15.74;9.89;37.19;11.85
412;2026;24.16;1008;1183;2007;2417;1290;3026.02;263;490;289;974;1250;783;2984;925;3.31;6.15;3.63;12.23;15.71;9.84;37.50;11.63
412;2027;24.77;996;1156;2012;2464;1310;3118.02;263;488;288;984;1252;782;3019;910;3.29;6.11;3.61;12.32;15.68;9.79;37.81;11.40
413;2025;21.85;958;1154;1851;2041;912;2676.97;274;468;310;1011;1036;795;2261;787;3.95;6.74;4.46;14.56;14.92;11.46;32.58;11.34
413;2026;22.43;954;1137;1856;2081;919;2762.48;274;475;310;1023;1036;796;2271;784;3.94;6.82;4.45;14.67;14.86;11.42;32.59;11.25
413;2027;23.01;950;1120;1862;2121;926;2847.99;274;482;310;1034;1036;797;2281;782;3.92;6.90;4.43;14.79;14.80;11.39;32.60;11.17
414;2025;25.08;1899;1905;2750;2857;1690;3055.85;169;479;679;1608;1573;1351;3685;1623;1.52;4.29;6.08;14.40;14.09;12.10;32.99;14.53
414;2026;25.81;1905;1888;2757;2910;1715;3147.01;172;486;694;1624;1568;1346;3721;1628;1.53;4.32;6.18;14.45;13.96;11.97;33.11;14.49
414;2027;26.55;1910;1870;2764;2962;1739;3238.18;174;492;710;1638;1564;1340;3758;1633;1.54;4.35;6.28;14.49;13.83;11.85;33.23;14.44
415;2025;23.82;1097;1323;2001;2132;1213;3270.34;144;518;519;985;1208;807;2733;960;1.83;6.58;6.59;12.50;15.34;10.25;34.71;12.19
415;2026;24.45;1104;1312;2018;2165;1228;3393.45;143;522;532;1001;1218;815;2748;961;1.80;6.58;6.70;12.61;15.35;10.27;34.61;12.10
415;2027;25.09;1110;1300;2034;2199;1242;3516.55;142;526;544;1017;1229;823;2762;961;1.77;6.57;6.80;12.71;15.35;10.28;34.51;12.01
498;2025;25.40;2613;2325;3238;3765;2214;3099.97;37;488;690;1665;2292;920;4921;3139;0.26;3.45;4.88;11.76;16.19;6.50;34.77;22.18
498;2026;25.91;2583;2292;3212;3835;2231;3162.21;38;489;674;1656;2263;894;4955;3174;0.27;3.46;4.77;11.71;16;6.32;35.03;22.45
498;2027;26.42;2554;2258;3186;3904;2248;3224.45;38;490;658;1646;2234;868;4988;3210;0.27;3.47;4.66;11.65;15.81;6.14;35.29;22.71
499;2025;31.96;3337;4046;4521;3909;3292;5685.17;27;616;1803;2546;2724;2088;6017;3274;0.14;3.22;9.44;13.33;14.27;10.93;31.51;17.15
499;2026;32.81;3320;4055;4531;3926;3335;5903.01;25;615;1833;2566;2717;2085;6040;3276;0.13;3.21;9.57;13.40;14.18;10.88;31.53;17.10
499;2027;33.66;3303;4064;4542;3942;3378;6120.85;23;614;1864;2586;2709;2082;6064;3278;0.12;3.19;9.70;13.46;14.10;10.83;31.55;17.06
501;2025;22.68;742;1122;1568;1409;702;3248.40;63;285;345;1082;1093;626;1655;475;1.13;5.06;6.14;19.25;19.43;11.14;29.42;8.44
501;2026;23.11;731;1105;1580;1436;709;3360.91;64;283;353;1095;1105;622;1664;461;1.13;5;6.24;19.39;19.57;11.02;29.46;8.17
501;2027;23.53;720;1088;1592;1464;716;3473.41;64;280;360;1108;1118;618;1672;448;1.14;4.95;6.35;19.53;19.72;10.91;29.50;7.90
502;2025;21.93;745;1170;1531;1740;765;3423.84;102;429;305;1067;916;535;1974;557;1.73;7.28;5.19;18.13;15.57;9.09;33.55;9.46
502;2026;22.36;734;1153;1522;1778;782;3528.96;104;423;302;1071;908;529;2010;551;1.77;7.17;5.13;18.16;15.39;8.97;34.08;9.33
502;2027;22.80;724;1136;1514;1816;798;3634.09;107;418;300;1076;900;523;2046;544;1.81;7.06;5.07;18.19;15.21;8.85;34.60;9.21
503;2025;20.42;237;316;330;283;82;2910.84;20;126;64;201;308;106;307;125;1.57;9.99;5.09;15.98;24.51;8.43;24.47;9.96
503;2026;20.85;239;316;331;290;83;3014.16;19;126;65;199;313;105;314;125;1.51;9.98;5.14;15.69;24.73;8.30;24.77;9.87
503;2027;21.28;242;316;332;296;84;3117.48;18;128;66;197;319;104;320;125;1.45;9.97;5.20;15.41;24.95;8.17;25.07;9.78
504;2025;20.48;1438;2051;2505;2394;1264;2997.64;169;552;452;1522;1601;1044;3205;1074;1.76;5.74;4.70;15.83;16.65;10.85;33.32;11.16
504;2026;20.97;1445;2055;2533;2447;1292;3088.08;165;563;458;1548;1615;1049;3260;1076;1.70;5.78;4.71;15.91;16.59;10.78;33.49;11.05
504;2027;21.47;1452;2058;2562;2500;1320;3178.51;162;573;464;1574;1628;1055;3314;1078;1.64;5.82;4.72;15.99;16.53;10.71;33.65;10.95
505;2025;26.37;1394;1868;2176;2631;1605;3183.51;125;678;484;1266;1549;929;3650;1035;1.28;6.98;4.98;13.03;15.95;9.57;37.57;10.65
505;2026;27.05;1380;1864;2172;2683;1629;3272.60;122;694;487;1273;1551;926;3694;1023;1.25;7.10;4.99;13.03;15.88;9.47;37.81;10.47
505;2027;27.73;1366;1860;2168;2734;1653;3361.70;120;710;490;1280;1553;922;3738;1011;1.22;7.23;4.99;13.03;15.81;9.38;38.05;10.29
510;2025;20.96;838;1463;1752;1878;867;2768.88;77;557;327;1158;1197;686;2225;549;1.14;8.22;4.83;17.08;17.66;10.12;32.84;8.11
510;2026;21.27;820;1449;1747;1916;877;2849.43;75;556;329;1169;1197;679;2247;533;1.10;8.19;4.85;17.23;17.64;10;33.11;7.86
510;2027;21.58;801;1435;1741;1954;887;2929.99;72;554;332;1181;1198;671;2268;518;1.07;8.16;4.88;17.38;17.63;9.88;33.38;7.62
511;2025;21.71;946;1151;1706;1867;1166;2899.62;158;407;244;739;1090;758;2579;974;2.27;5.86;3.51;10.64;15.69;10.91;37.11;14.01
511;2026;22.29;943;1143;1708;1901;1175;3000.21;157;416;244;743;1098;752;2596;985;2.24;5.95;3.49;10.63;15.71;10.75;37.14;14.09
511;2027;22.87;940;1136;1710;1934;1184;3100.79;156;424;244;746;1106;746;2614;996;2.21;6.03;3.46;10.62;15.74;10.60;37.18;14.16
512;2025;18.14;1238;1856;2414;2713;1390;2744.45;246;691;516;1446;1333;722;3536;975;2.60;7.30;5.45;15.28;14.09;7.62;37.35;10.30
512;2026;18.49;1223;1848;2426;2771;1392;2832.50;239;698;529;1461;1329;705;3566;972;2.52;7.35;5.57;15.38;13.99;7.42;37.54;10.23
512;2027;18.84;1209;1841;2438;2828;1394;2920.55;232;706;543;1475;1324;688;3596;969;2.44;7.40;5.70;15.47;13.89;7.22;37.72;10.16
513;2025;20.42;703;992;1512;2048;1148;2368.99;379;499;212;773;749;474;2648;792;5.81;7.64;3.25;11.84;11.48;7.27;40.58;12.13
513;2026;20.87;700;982;1511;2090;1162;2450.24;386;513;212;788;748;467;2671;793;5.87;7.79;3.22;11.97;11.38;7.09;40.61;12.06
513;2027;21.32;696;972;1511;2132;1176;2531.48;392;526;212;802;747;459;2695;795;5.92;7.94;3.19;12.10;11.28;6.92;40.65;11.99
514;2025;18.97;1377;2032;2477;2289;1163;3366.17;194;479;556;1625;1488;915;2957;1025;2.10;5.19;6.01;17.59;16.11;9.91;32.01;11.09
514;2026;19.46;1382;2040;2504;2348;1185;3463.54;190;488;562;1661;1502;912;3015;1025;2.03;5.21;6;17.76;16.06;9.75;32.23;10.96
514;2027;19.96;1388;2047;2530;2408;1207;3560.92;186;496;568;1698;1516;908;3073;1026;1.96;5.24;5.99;17.93;16.01;9.59;32.45;10.83
515;2025;21.52;841;1038;1519;1784;805;2700.61;124;224;302;863;929;655;2202;752;2.05;3.70;4.99;14.27;15.35;10.82;36.39;12.43
515;2026;22.04;839;1025;1526;1826;808;2782.46;125;220;303;872;932;654;2235;748;2.06;3.62;4.97;14.32;15.30;10.73;36.71;12.29
515;2027;22.57;836;1013;1534;1868;812;2864.32;126;217;304;881;935;652;2269;744;2.06;3.54;4.95;14.37;15.26;10.65;37.02;12.15
598;2025;29.62;1439;1861;2357;2041;1341;3382.75;16;410;590;1555;1563;888;2793;1221;0.17;4.53;6.53;17.21;17.30;9.83;30.91;13.51
598;2026;30.25;1398;1825;2347;2069;1367;3478.20;16;410;596;1555;1523;873;2820;1201;0.18;4.56;6.63;17.29;16.93;9.71;31.35;13.35
598;2027;30.88;1356;1788;2338;2097;1393;3573.65;17;410;603;1555;1482;859;2847;1182;0.19;4.58;6.73;17.36;16.55;9.59;31.79;13.19
599;2025;28.43;6779;6456;8311;8338;5276;3468.40;90;1205;2302;4782;6733;3425;11493;5127;0.25;3.43;6.55;13.60;19.15;9.74;32.69;14.58
599;2026;29.10;6779;6407;8320;8488;5348;3546.90;88;1206;2319;4791;6754;3427;11615;5137;0.25;3.41;6.56;13.56;19.11;9.70;32.87;14.54
599;2027;29.78;6778;6358;8329;8638;5420;3625.40;86;1207;2335;4800;6774;3428;11737;5147;0.24;3.40;6.57;13.52;19.08;9.65;33.05;14.49
601;2025;30.07;3182;4427;5107;5403;4324;5223.32;29;1161;1572;2280;3826;2260;7934;3372;0.13;5.18;7.01;10.16;17.06;10.07;35.37;15.03
601;2026;30.61;3104;4330;5107;5419;4386;5358.66;28;1156;1572;2266;3817;2231;7940;3334;0.12;5.18;7.04;10.14;17.08;9.99;35.54;14.92
601;2027;31.16;3026;4232;5107;5436;4448;5494;27;1152;1573;2251;3808;2203;7946;3296;0.12;5.17;7.07;10.11;17.11;9.90;35.71;14.81
603;2025;22.79;1850;1530;2370;1806;788;9935.54;0;674;1603;1231;926;494;1964;1483;0;8.04;19.14;14.69;11.06;5.90;23.45;17.71
603;2026;23.37;1858;1508;2384;1844;802;10242.59;0;685;1610;1238;916;495;1989;1492;0;8.13;19.11;14.69;10.87;5.87;23.61;17.71
603;2027;23.95;1866;1486;2398;1881;815;10549.65;0;697;1618;1246;906;496;2015;1501;0;8.22;19.08;14.69;10.68;5.85;23.77;17.71
604;2025;30.57;4428;5209;7683;5988;4010;9598.93;30;1162;2592;3738;5317;2729;7993;3730;0.11;4.26;9.50;13.70;19.48;10;29.29;13.67
604;2026;31.09;4364;5071;7687;5994;3998;9916.30;30;1149;2619;3749;5223;2694;7963;3646;0.11;4.24;9.67;13.85;19.29;9.95;29.41;13.47
604;2027;31.62;4300;4933;7690;6000;3986;10233.67;30;1135;2646;3759;5130;2658;7933;3562;0.11;4.23;9.85;14;19.10;9.90;29.54;13.27
606;2025;23.49;5374;6123;7585;7048;4818;5245.04;0;1461;2937;5364;5307;2391;9507;3960;0;4.72;9.50;17.35;17.16;7.73;30.74;12.80
606;2026;23.93;5357;6044;7594;7100;4908;5376.78;0;1457;2933;5383;5302;2376;9573;3948;0;4.70;9.47;17.38;17.12;7.67;30.91;12.75
606;2027;24.37;5339;5966;7604;7152;4998;5508.53;0;1454;2928;5402;5296;2362;9639;3937;0;4.69;9.44;17.42;17.07;7.61;31.08;12.69
609;2025;28.90;2686;3426;4598;3576;2373;10468.13;7;1372;2616;2381;2413;1080;4609;2185;0.04;8.23;15.70;14.29;14.48;6.48;27.66;13.11
609;2026;29.62;2654;3377;4640;3620;2427;10821.82;5;1389;2641;2384;2395;1068;4661;2175;0.03;8.31;15.80;14.26;14.32;6.39;27.88;13.01
609;2027;30.35;2623;3328;4682;3664;2482;11175.50;3;1406;2666;2386;2376;1056;4714;2166;0.02;8.39;15.90;14.22;14.17;6.30;28.10;12.91
610;2025;23.83;5092;6193;8210;7788;4691;3122.04;154;1744;1801;4358;6244;3103;10531;4206;0.48;5.43;5.60;13.56;19.43;9.66;32.76;13.09
610;2026;24.29;5092;6167;8244;7920;4746;3209.44;152;1756;1823;4403;6278;3089;10638;4195;0.47;5.43;5.64;13.62;19.42;9.55;32.90;12.97
610;2027;24.74;5092;6140;8278;8052;4801;3296.85;150;1768;1845;4448;6312;3074;10746;4184;0.46;5.44;5.67;13.67;19.41;9.45;33.04;12.86
611;2025;23.99;3146;3776;5874;5800;2617;3945.06;53;1758;1740;3359;3112;1585;6738;2774;0.25;8.33;8.24;15.90;14.73;7.50;31.90;13.13
611;2026;24.58;3139;3738;5911;5901;2649;4030.23;50;1789;1747;3408;3113;1559;6797;2773;0.24;8.42;8.23;16.05;14.66;7.34;32.01;13.06
611;2027;25.18;3132;3700;5949;6001;2682;4115.39;48;1820;1754;3457;3115;1534;6856;2772;0.22;8.52;8.21;16.19;14.58;7.18;32.11;12.98
612;2025;25.17;1128;1467;2157;2136;1498;8457.89;11;600;1296;1192;1034;506;2725;1116;0.13;7.08;15.28;14.06;12.20;5.97;32.13;13.15
612;2026;25.90;1107;1432;2154;2171;1531;8759.47;10;608;1312;1190;1013;495;2754;1105;0.12;7.17;15.46;14.02;11.94;5.83;32.44;13.02
612;2027;26.63;1086;1396;2150;2206;1565;9061.05;10;617;1328;1187;992;484;2782;1095;0.11;7.26;15.64;13.97;11.68;5.70;32.75;12.89
613;2025;22.99;5566;7003;8580;8102;5784;6002.15;63;2422;3213;4973;6353;2968;11565;3645;0.18;6.88;9.13;14.13;18.05;8.43;32.85;10.35
613;2026;23.50;5566;6977;8631;8190;5868;6172.61;61;2466;3250;4991;6393;2973;11655;3615;0.17;6.96;9.18;14.10;18.06;8.40;32.92;10.21
613;2027;24.01;5567;6950;8681;8279;5951;6343.06;60;2509;3287;5008;6433;2978;11746;3584;0.17;7.05;9.23;14.07;18.07;8.36;32.99;10.07
614;2025;27.37;6235;8404;10601;8686;6469;4895.08;7;1815;2834;5326;8826;3809;12333;5330;0.02;4.51;7.04;13.22;21.91;9.46;30.62;13.23
614;2026;27.86;6193;8382;10681;8756;6480;5030.82;4;1827;2876;5367;8870;3793;12329;5304;0.01;4.53;7.13;13.29;21.97;9.40;30.54;13.14
614;2027;28.35;6152;8359;10762;8826;6492;5166.57;2;1839;2918;5407;8914;3778;12326;5278;0;4.54;7.21;13.36;22.03;9.34;30.46;13.04
617;2025;23.42;2923;3554;3768;3295;1456;4503.61;51;843;1290;2387;2610;1720;3712;2397;0.34;5.62;8.59;15.90;17.39;11.46;24.73;15.97
617;2026;23.79;2920;3557;3770;3358;1485;4642.82;50;855;1307;2410;2623;1697;3759;2401;0.33;5.66;8.65;15.96;17.37;11.24;24.89;15.90
617;2027;24.15;2916;3560;3772;3420;1514;4782.02;49;868;1324;2434;2636;1674;3806;2406;0.32;5.71;8.72;16.02;17.35;11.02;25.05;15.83
621;2025;27.05;2361;2793;3199;3205;1545;3184.68;3;601;715;1813;2627;1492;3732;2118;0.02;4.59;5.46;13.84;20.05;11.39;28.49;16.16
621;2026;27.58;2340;2777;3198;3269;1564;3270.49;2;610;721;1819;2614;1484;3771;2127;0.02;4.64;5.49;13.83;19.88;11.28;28.68;16.18
621;2027;28.12;2320;2762;3196;3332;1584;3356.30;2;618;728;1826;2602;1476;3810;2137;0.02;4.69;5.51;13.83;19.71;11.18;28.87;16.19
624;2025;22.19;4930;5898;8230;7667;4237;3849.02;152;2244;2709;5183;5155;2554;9260;3793;0.49;7.23;8.72;16.69;16.60;8.23;29.82;12.21
624;2026;22.67;4938;5862;8267;7793;4295;3958.56;153;2277;2746;5248;5184;2530;9326;3782;0.49;7.29;8.79;16.79;16.59;8.10;29.85;12.10
624;2027;23.14;4946;5826;8304;7918;4354;4068.11;154;2310;2783;5312;5214;2506;9392;3770;0.49;7.35;8.85;16.90;16.58;7.97;29.87;11.99
625;2025;23.91;5697;5003;7693;5954;2945;6180.67;124;2062;4735;3815;3478;1648;6733;4720;0.45;7.55;17.34;13.97;12.73;6.03;24.65;17.28
625;2026;24.44;5725;4938;7744;6067;2999;6338.32;126;2093;4791;3832;3491;1638;6809;4715;0.46;7.61;17.42;13.94;12.70;5.96;24.76;17.15
625;2027;24.97;5752;4874;7794;6180;3053;6495.96;128;2124;4846;3848;3504;1629;6886;4710;0.46;7.67;17.51;13.91;12.66;5.89;24.88;17.02
626;2025;26.12;4748;5943;8558;7948;4877;2588.94;122;2305;2782;4538;4895;2780;10491;4418;0.38;7.13;8.60;14.04;15.14;8.60;32.45;13.66
626;2026;26.75;4707;5899;8606;8059;4928;2667.02;116;2337;2796;4580;4905;2767;10571;4388;0.36;7.20;8.61;14.11;15.11;8.52;32.57;13.52
626;2027;27.38;4666;5854;8654;8170;4980;2745.10;110;2369;2810;4622;4914;2754;10652;4359;0.34;7.27;8.62;14.18;15.08;8.45;32.68;13.38
627;2025;22.31;4804;5854;8098;6994;3833;10870.87;3;1999;4593;4707;4395;1753;8416;3596;0.01;6.79;15.59;15.98;14.92;5.95;28.56;12.20
627;2026;22.67;4818;5815;8167;7107;3905;11206.35;0;2019;4636;4758;4431;1762;8510;3570;0;6.80;15.62;16.03;14.93;5.93;28.67;12.03
627;2027;23.03;4832;5776;8236;7221;3977;11541.82;0;2038;4678;4809;4468;1770;8606;3544;0;6.81;15.64;16.08;14.93;5.92;28.77;11.85
694;2025;26.66;10494;13785;14083;13391;11292;5247.31;33;2957;9092;8525;9953;4044;20017;8447;0.05;4.69;14.42;13.52;15.78;6.41;31.74;13.39
694;2026;27.24;10379;13740;14064;13390;11365;5384.88;29;2949;9238;8566;9899;3973;19963;8343;0.05;4.68;14.67;13.61;15.72;6.31;31.71;13.25
694;2027;27.82;10264;13695;14045;13388;11438;5522.45;26;2941;9385;8607;9844;3902;19908;8238;0.04;4.68;14.93;13.69;15.66;6.21;31.67;13.11
695;2025;26.41;7531;8913;10233;10055;8064;4460.14;17;2563;4195;6141;7722;3548;14746;5809;0.04;5.73;9.38;13.73;17.26;7.93;32.96;12.98
695;2026;26.90;7536;8873;10306;10140;8172;4569.70;12;2607;4251;6176;7752;3537;14843;5801;0.03;5.80;9.45;13.73;17.23;7.86;33;12.90
695;2027;27.40;7540;8832;10380;10224;8280;4679.25;8;2650;4307;6210;7782;3526;14939;5794;0.02;5.86;9.53;13.73;17.21;7.80;33.04;12.81
696;2025;31.01;10541;11378;14727;13935;12787;6223.08;18;3383;4067;6413;11374;5373;21483;11279;0.03;5.34;6.42;10.12;17.94;8.48;33.89;17.79
696;2026;31.76;10543;11301;14823;13981;12829;6392.19;15;3429;4107;6417;11356;5354;21446;11354;0.02;5.40;6.47;10.11;17.89;8.43;33.78;17.89
696;2027;32.51;10544;11224;14918;14028;12870;6561.30;13;3474;4147;6421;11338;5335;21410;11430;0.02;5.47;6.52;10.10;17.84;8.39;33.68;17.98
697;2025;28.81;5784;7147;8418;8027;6631;4637.64;8;1975;2604;4479;6274;3426;11882;5383;0.02;5.48;7.23;12.43;17.41;9.51;32.97;14.94
697;2026;29.44;5753;7087;8446;8057;6667;4759.15;7;1994;2619;4471;6254;3420;11859;5390;0.02;5.54;7.27;12.41;17.36;9.50;32.93;14.97
697;2027;30.07;5722;7028;8474;8086;6702;4880.65;6;2012;2634;4462;6234;3413;11836;5397;0.02;5.59;7.32;12.40;17.32;9.48;32.88;14.99
698;2025;30.87;7348;9135;10216;8468;4828;5174.48;26;2076;3888;5576;6720;4724;10158;6879;0.07;5.18;9.71;13.92;16.78;11.80;25.37;17.18
698;2026;31.61;7251;9037;10222;8581;4851;5328.44;25;2095;3908;5565;6669;4685;10187;6858;0.06;5.24;9.77;13.91;16.68;11.71;25.47;17.15
698;2027;32.35;7154;8939;10228;8695;4873;5482.40;23;2113;3927;5554;6619;4645;10215;6838;0.06;5.29;9.83;13.91;16.58;11.63;25.58;17.12
699;2025;31.05;60595;60939;62086;61142;42247;5560.89;110;11863;28587;36590;47972;23482;80831;57617;0.04;4.13;9.96;12.75;16.71;8.18;28.16;20.07
699;2026;31.78;60258;60738;61925;61580;42227;5723.52;100;11931;28914;36545;47723;23285;80624;57603;0.03;4.16;10.08;12.75;16.64;8.12;28.12;20.09
699;2027;32.50;59922;60537;61764;62018;42206;5886.15;90;11999;29241;36501;47474;23089;80418;57589;0.03;4.19;10.21;12.74;16.58;8.06;28.08;20.11
1303;2025;21.07;10050;12975;16062;15138;8416;4805.05;46;3020;7134;10713;8731;4419;19546;9054;0.07;4.82;11.38;17.10;13.93;7.05;31.19;14.45
1303;2026;21.46;10019;12966;16121;15438;8572;4946.95;42;3060;7206;10788;8736;4423;19833;9052;0.07;4.85;11.41;17.09;13.84;7.01;31.41;14.34
1303;2027;21.85;9988;12958;16180;15739;8728;5088.84;38;3100;7278;10863;8740;4428;20120;9050;0.06;4.87;11.44;17.08;13.74;6.96;31.63;14.23
1304;2025;27.55;8865;9682;12672;13635;7167;3899.90;310;1902;2697;5869;7586;6137;16364;11028;0.60;3.66;5.20;11.31;14.62;11.83;31.53;21.25
1304;2026;28.23;8744;9575;12631;13863;7205;4023.79;299;1898;2708;5880;7515;6067;16460;11035;0.58;3.66;5.22;11.34;14.49;11.70;31.74;21.28
1304;2027;28.91;8623;9469;12590;14091;7243;4147.68;288;1894;2718;5890;7445;5996;16556;11042;0.55;3.65;5.25;11.37;14.36;11.57;31.94;21.30
1305;2025;27.34;10162;10500;12953;11326;6983;4771.87;46;1865;4460;7767;9216;4903;15163;8480;0.09;3.59;8.59;14.97;17.76;9.45;29.22;16.34
1305;2026;28.07;10142;10418;13012;11478;7053;4908.05;41;1880;4509;7802;9239;4881;15291;8429;0.08;3.61;8.66;14.98;17.74;9.37;29.36;16.19
1305;2027;28.79;10122;10336;13070;11630;7122;5044.23;36;1896;4558;7836;9262;4860;15419;8378;0.07;3.63;8.73;15;17.73;9.30;29.51;16.04
1306;2025;23.23;10424;14119;15436;13290;6595;5156.24;227;2478;6810;10244;8863;6331;16090;8834;0.38;4.14;11.37;17.11;14.80;10.57;26.87;14.75
1306;2026;23.67;10377;14100;15504;13545;6742;5310.93;227;2497;6930;10344;8867;6323;16338;8763;0.38;4.14;11.49;17.16;14.71;10.49;27.10;14.53
1306;2027;24.11;10330;14080;15571;13800;6890;5465.63;227;2516;7049;10444;8870;6315;16586;8691;0.37;4.15;11.61;17.21;14.61;10.40;27.32;14.32
1307;2025;23.63;11382;13437;16061;14557;7498;4700.11;877;3541;4021;8403;9591;8608;18032;9875;1.39;5.63;6.39;13.35;15.24;13.67;28.65;15.69
1307;2026;24.12;11394;13409;16182;14845;7595;4865.30;861;3594;4088;8483;9633;8628;18256;9896;1.36;5.66;6.44;13.37;15.18;13.60;28.78;15.60
1307;2027;24.60;11406;13381;16302;15132;7692;5030.48;846;3646;4156;8563;9674;8648;18479;9916;1.32;5.70;6.50;13.39;15.13;13.53;28.91;15.51
1308;2025;26.23;9476;11773;15455;15919;10169;6919.52;94;2837;6575;9398;9000;4509;20931;9285;0.15;4.53;10.50;15.01;14.37;7.20;33.42;14.83
1308;2026;26.86;9409;11707;15517;16160;10342;7138.60;93;2844;6657;9497;9006;4487;21136;9243;0.15;4.52;10.57;15.08;14.30;7.13;33.57;14.68
1308;2027;27.48;9343;11641;15578;16401;10516;7357.68;92;2852;6739;9597;9012;4465;21340;9200;0.15;4.51;10.65;15.16;14.24;7.05;33.71;14.54
1309;2025;26.80;9468;11644;12808;12287;7288;4437.37;55;1949;5573;8938;8210;5036;15729;7972;0.10;3.65;10.42;16.72;15.36;9.42;29.42;14.91
1309;2026;27.32;9395;11615;12766;12463;7416;4574.66;53;1960;5679;9008;8176;5006;15845;7896;0.10;3.65;10.59;16.80;15.25;9.34;29.55;14.72
1309;2027;27.83;9322;11587;12724;12640;7544;4711.95;52;1970;5784;9078;8142;4976;15961;7820;0.10;3.66;10.75;16.88;15.14;9.25;29.68;14.54
1310;2025;25.40;10435;11792;13410;12854;5725;3618.65;57;1392;3387;9028;9938;6935;14492;8936;0.11;2.57;6.25;16.67;18.35;12.80;26.75;16.50
1310;2026;25.96;10323;11729;13380;13100;5858;3711.65;55;1401;3412;9046;9887;6928;14673;8904;0.10;2.58;6.28;16.66;18.21;12.76;27.02;16.40
1310;2027;26.52;10210;11666;13350;13346;5990;3804.64;52;1410;3438;9064;9836;6920;14855;8870;0.10;2.59;6.31;16.65;18.07;12.71;27.28;16.29
1311;2025;25.92;12000;16419;16671;16141;9307;5264.43;66;2554;6698;11426;11129;7415;20084;10991;0.09;3.63;9.52;16.24;15.82;10.54;28.54;15.62
1311;2026;26.46;11932;16438;16683;16380;9480;5430.84;63;2562;6827;11531;11140;7404;20275;10929;0.09;3.62;9.65;16.30;15.75;10.47;28.67;15.45
1311;2027;27;11864;16457;16694;16619;9653;5597.24;59;2569;6956;11637;11150;7393;20466;10867;0.08;3.61;9.78;16.37;15.68;10.40;28.79;15.28
1324;2025;29.41;9692;10909;13091;12484;7824;3330.12;31;1590;3417;7448;9013;6414;16163;9930;0.06;2.94;6.33;13.79;16.69;11.88;29.93;18.39
1324;2026;30.19;9606;10830;13089;12611;7967;3430.91;29;1605;3458;7480;9029;6357;16313;9824;0.05;2.97;6.39;13.83;16.69;11.75;30.16;18.16
1324;2027;30.97;9520;10752;13086;12738;8109;3531.70;26;1619;3498;7511;9045;6300;16464;9719;0.05;2.99;6.46;13.86;16.69;11.63;30.39;17.94
1325;2025;22.95;8305;10546;13672;11886;6584;6200.83;208;2378;6679;8219;7363;3840;14820;7448;0.41;4.67;13.11;16.13;14.45;7.54;29.08;14.62
1325;2026;23.43;8295;10501;13785;12132;6717;6410.18;199;2400;6775;8288;7425;3810;15058;7436;0.39;4.67;13.18;16.13;14.45;7.41;29.30;14.47
1325;2027;23.90;8284;10456;13898;12377;6850;6619.53;190;2422;6872;8356;7488;3779;15296;7424;0.37;4.67;13.26;16.12;14.45;7.29;29.51;14.32
1326;2025;22.62;5596;7507;10217;10716;6080;7462.41;457;2432;3505;5823;5774;3728;13237;5254;1.14;6.05;8.72;14.48;14.36;9.27;32.92;13.07
1326;2026;23.18;5535;7455;10242;10899;6174;7737.08;443;2451;3558;5881;5767;3682;13380;5229;1.10;6.07;8.81;14.56;14.28;9.12;33.13;12.95
1326;2027;23.74;5473;7402;10268;11082;6268;8011.74;430;2470;3611;5940;5760;3636;13524;5204;1.06;6.09;8.90;14.64;14.19;8.96;33.33;12.83
1327;2025;28.01;6844;8525;8812;8465;4877;3842.56;100;1073;2244;4994;5936;5676;10562;6796;0.27;2.87;6;13.36;15.88;15.18;28.25;18.18
1327;2026;28.78;6822;8519;8854;8599;4997;3960.91;93;1080;2285;5038;5956;5694;10712;6792;0.25;2.87;6.07;13.38;15.82;15.12;28.45;18.04
1327;2027;29.54;6800;8512;8896;8732;5118;4079.27;86;1086;2326;5082;5977;5712;10862;6788;0.23;2.87;6.13;13.40;15.76;15.06;28.64;17.90
1328;2025;22.13;10649;13531;16456;14453;7099;8923.18;279;3495;9443;10059;8538;4912;16941;8782;0.45;5.60;15.12;16.11;13.67;7.87;27.13;14.06
1328;2026;22.64;10614;13494;16537;14777;7243;9208.01;277;3543;9592;10111;8569;4886;17218;8749;0.44;5.63;15.24;16.06;13.61;7.76;27.35;13.90
1328;2027;23.15;10578;13458;16618;15101;7387;9492.83;275;3592;9740;10163;8600;4860;17496;8716;0.43;5.66;15.35;16.02;13.56;7.66;27.58;13.74
1329;2025;25.83;9488;11766;13363;11909;6291;5798.95;0;1891;6598;7958;8307;4830;14364;8986;0;3.57;12.46;15.03;15.69;9.12;27.14;16.98
1329;2026;26.38;9342;11700;13331;12086;6423;5984.75;0;1896;6702;7946;8263;4737;14518;8923;0;3.58;12.65;15;15.59;8.94;27.40;16.84
1329;2027;26.94;9195;11634;13299;12263;6556;6170.55;0;1902;6806;7935;8219;4644;14672;8860;0;3.59;12.83;14.96;15.50;8.76;27.66;16.70
1397;2025;26.75;37957;25956;25673;22505;14537;7306.83;206;4895;21958;18232;17565;7322;27731;28631;0.16;3.87;17.35;14.41;13.88;5.79;21.91;22.63
1397;2026;27.26;37903;25940;25668;22723;14655;7524.42;206;4960;22296;18264;17561;7259;27792;28447;0.16;3.91;17.59;14.41;13.85;5.73;21.92;22.44
1397;2027;27.77;37848;25923;25662;22940;14772;7742;207;5025;22634;18296;17558;7197;27854;28264;0.16;3.96;17.82;14.40;13.82;5.66;21.93;22.25
1398;2025;34.08;165046;164342;162731;137341;85199;5356.45;150;23591;72948;96773;113454;58500;167729;181576;0.02;3.30;10.21;13.54;15.87;8.19;23.47;25.41
1398;2026;35.03;164610;163968;162980;138802;85463;5525;143;23851;73753;97061;113203;57989;167552;182273;0.02;3.33;10.30;13.56;15.81;8.10;23.41;25.46
1398;2027;35.98;164174;163593;163230;140262;85726;5693.55;137;24112;74558;97348;112952;57477;167374;182969;0.02;3.36;10.40;13.58;15.75;8.02;23.35;25.52
1399;2025;31.21;8049;8913;9223;7129;4943;4189.52;90;1100;4097;5643;6464;4420;9403;7039;0.24;2.88;10.71;14.75;16.90;11.55;24.58;18.40
1399;2026;32.14;8031;8928;9297;7215;5010;4319.34;90;1110;4182;5688;6468;4430;9457;7059;0.23;2.88;10.87;14.78;16.81;11.51;24.57;18.34
1399;2027;33.08;8013;8943;9370;7300;5076;4449.15;90;1118;4267;5734;6472;4440;9510;7080;0.23;2.89;11.02;14.81;16.72;11.47;24.57;18.29
8301;2025;27.64;6226;6847;8268;8908;4700;3995.80;353;1922;1867;4272;5389;3942;11030;6119;1.01;5.51;5.35;12.24;15.44;11.30;31.61;17.54
8301;2026;28.30;6255;6830;8321;9057;4766;4124.63;354;1951;1894;4310;5397;3962;11123;6176;1.01;5.55;5.39;12.26;15.35;11.27;31.63;17.56
8301;2027;28.95;6284;6813;8374;9206;4832;4253.46;356;1981;1921;4348;5405;3982;11216;6232;1;5.59;5.42;12.27;15.25;11.23;31.65;17.58
8302;2025;23.03;6137;6179;9815;11470;7025;6184.62;194;2588;2272;5118;6414;3304;16332;5052;0.47;6.27;5.51;12.40;15.54;8;39.57;12.24
8302;2026;23.43;6180;6121;9889;11683;7195;6357.23;188;2626;2315;5188;6463;3311;16628;5042;0.45;6.29;5.54;12.42;15.48;7.93;39.82;12.07
8302;2027;23.82;6223;6062;9964;11896;7364;6529.85;182;2665;2358;5259;6512;3318;16923;5033;0.43;6.31;5.58;12.45;15.41;7.85;40.05;11.91
8303;2025;25.45;7001;8176;9062;9004;4888;3945.40;42;1667;2214;5005;7298;3975;11228;6733;0.11;4.37;5.80;13.12;19.12;10.42;29.42;17.64
8303;2026;25.89;6965;8142;9077;9181;4941;4050.01;40;1683;2215;5034;7304;3982;11342;6751;0.10;4.39;5.78;13.13;19.04;10.38;29.57;17.60
8303;2027;26.32;6930;8108;9092;9358;4994;4154.62;38;1698;2216;5062;7310;3989;11456;6770;0.10;4.41;5.75;13.14;18.97;10.35;29.72;17.57
8304;2025;24.76;4342;5088;7061;9162;4505;3487.53;230;1974;1464;3265;5620;2402;11447;3729;0.76;6.55;4.86;10.84;18.65;7.97;37.99;12.38
8304;2026;25.38;4336;5067;7077;9337;4578;3599.54;225;1988;1477;3300;5682;2380;11583;3720;0.74;6.55;4.87;10.87;18.72;7.84;38.16;12.26
8304;2027;25.99;4329;5046;7094;9512;4651;3711.54;220;2002;1490;3334;5744;2358;11720;3712;0.72;6.55;4.87;10.90;18.78;7.71;38.32;12.14
8306;2025;25.35;6863;6405;8896;9942;7100;5970.85;11;1585;2929;4959;6144;2658;14079;6739;0.03;4.05;7.49;12.68;15.71;6.80;36;17.23
8306;2026;25.91;6731;6342;8856;10061;7213;6164.87;2;1594;2928;4940;6123;2634;14202;6662;0;4.08;7.49;12.64;15.67;6.74;36.34;17.04
8306;2027;26.47;6599;6278;8816;10180;7326;6358.90;0;1603;2927;4920;6103;2610;14324;6584;0;4.10;7.49;12.59;15.62;6.68;36.66;16.85
8307;2025;25.04;5555;7327;9253;8680;3987;3539.56;210;2019;2168;5140;6518;3252;10824;4706;0.60;5.80;6.22;14.75;18.71;9.34;31.07;13.51
8307;2026;25.63;5589;7342;9364;8854;4063;3627.22;209;2057;2197;5201;6627;3265;10989;4705;0.59;5.84;6.23;14.75;18.80;9.26;31.17;13.35
8307;2027;26.22;5622;7358;9475;9027;4139;3714.88;208;2094;2226;5261;6737;3278;11154;4704;0.58;5.87;6.24;14.75;18.89;9.19;31.28;13.19
8309;2025;27.74;5961;7355;8777;8280;4232;3493.49;266;2147;1833;4343;5872;4112;10041;5661;0.78;6.27;5.35;12.67;17.13;12;29.29;16.52
8309;2026;28.45;6021;7366;8895;8430;4295;3587.22;261;2193;1875;4408;5936;4147;10129;5706;0.75;6.33;5.41;12.72;17.13;11.97;29.23;16.46
8309;2027;29.16;6081;7377;9014;8581;4358;3680.95;256;2238;1916;4473;6000;4182;10217;5750;0.73;6.39;5.47;12.77;17.13;11.94;29.16;16.41
8310;2025;26.86;4880;5059;8231;10915;7744;6059.40;87;2172;3114;4515;4483;2016;15410;5120;0.24;5.88;8.44;12.23;12.14;5.46;41.74;13.87
8310;2026;27.46;4857;4959;8206;11060;7845;6251.03;84;2189;3158;4538;4440;1993;15529;5092;0.23;5.91;8.53;12.26;11.99;5.38;41.94;13.75
8310;2027;28.07;4834;4860;8182;11206;7946;6442.66;82;2206;3202;4560;4398;1969;15648;5064;0.22;5.94;8.63;12.28;11.84;5.30;42.14;13.64
8311;2025;25.45;6737;9005;11565;10773;6482;4822.51;277;3283;3204;6290;7384;4067;14262;5896;0.62;7.35;7.17;14.08;16.53;9.11;31.93;13.20
8311;2026;25.99;6787;9032;11699;10933;6601;4947.51;279;3311;3263;6407;7488;4086;14424;5925;0.62;7.33;7.22;14.18;16.57;9.04;31.92;13.11
8311;2027;26.54;6837;9058;11833;11092;6721;5072.52;282;3340;3323;6524;7592;4104;14586;5954;0.62;7.31;7.27;14.27;16.61;8.98;31.91;13.03
8312;2025;24.05;6149;7844;10611;10701;6231;5418.82;234;2785;3915;6142;6354;3286;13543;5363;0.56;6.69;9.41;14.76;15.27;7.89;32.54;12.89
8312;2026;24.60;6165;7816;10686;10890;6335;5574.28;232;2833;3975;6214;6391;3308;13677;5349;0.55;6.75;9.47;14.80;15.22;7.88;32.58;12.74
8312;2027;25.16;6182;7789;10760;11078;6440;5729.74;229;2881;4034;6286;6428;3331;13810;5335;0.54;6.81;9.53;14.85;15.19;7.87;32.62;12.60
8313;2025;25.25;7429;9368;12189;10803;5006;3661.04;398;2513;4127;7054;6771;4328;12759;6765;0.89;5.62;9.23;15.78;15.14;9.68;28.53;15.13
8313;2026;25.86;7480;9365;12351;11036;5101;3777.37;401;2559;4216;7178;6829;4334;12931;6800;0.89;5.66;9.32;15.86;15.09;9.58;28.58;15.03
8313;2027;26.48;7532;9362;12514;11269;5196;3893.69;404;2606;4304;7301;6888;4340;13103;6834;0.88;5.69;9.40;15.95;15.05;9.48;28.62;14.93
8314;2025;25.56;3482;4585;6988;10665;8672;6406.45;23;1844;2162;3438;4198;1967;16622;4124;0.07;5.36;6.29;10;12.21;5.72;48.35;12.00
8314;2026;26.13;3415;4526;6993;10799;8803;6596.34;24;1860;2185;3446;4175;1947;16784;4089;0.07;5.39;6.33;9.99;12.10;5.64;48.64;11.85
8314;2027;26.69;3348;4466;6998;10933;8935;6786.23;24;1876;2209;3454;4152;1928;16946;4054;0.07;5.41;6.38;9.97;11.98;5.56;48.92;11.70
8315;2025;28.40;7121;9237;11865;12079;7844;8366.91;205;4583;2521;5012;8562;5082;15802;6537;0.43;9.49;5.22;10.38;17.73;10.52;32.71;13.53
8315;2026;29.16;7112;9173;11891;12199;7961;8621.59;202;4629;2544;5043;8563;5086;15896;6541;0.42;9.54;5.24;10.40;17.65;10.49;32.77;13.49
8315;2027;29.91;7102;9109;11916;12319;8078;8876.28;199;4676;2566;5074;8564;5090;15990;6545;0.41;9.60;5.27;10.42;17.58;10.45;32.83;13.44
8317;2025;26.04;4962;5432;7986;9607;7228;4089.45;32;1765;2405;4700;4526;1873;14254;5799;0.09;4.99;6.80;13.29;12.80;5.30;40.32;16.40
8317;2026;26.46;4889;5351;7994;9671;7343;4202.91;31;1791;2425;4707;4441;1838;14319;5825;0.09;5.06;6.86;13.31;12.55;5.19;40.47;16.47
8317;2027;26.88;4817;5270;8001;9735;7458;4316.38;30;1817;2446;4714;4356;1803;14385;5852;0.09;5.13;6.91;13.32;12.31;5.09;40.63;16.53
8318;2025;24.93;6681;8644;9448;8752;4848;4539.14;117;2218;2613;6645;6766;3365;10854;5871;0.30;5.77;6.80;17.28;17.60;8.75;28.23;15.27
8318;2026;25.45;6679;8696;9499;8915;4956;4672.72;113;2268;2640;6771;6830;3367;11000;5844;0.29;5.84;6.80;17.44;17.59;8.67;28.33;15.05
8318;2027;25.96;6678;8747;9550;9078;5064;4806.30;108;2316;2667;6898;6894;3370;11146;5816;0.28;5.91;6.80;17.59;17.58;8.59;28.42;14.83
8321;2025;23.90;4479;5041;5430;5504;3908;4153.59;3;1064;1803;3789;4740;1978;7657;3348;0.01;4.36;7.39;15.54;19.44;8.11;31.41;13.73
8321;2026;24.41;4486;5041;5416;5588;3988;4264.63;2;1082;1823;3815;4774;1988;7745;3326;0.01;4.41;7.42;15.54;19.44;8.10;31.54;13.55
8321;2027;24.91;4493;5041;5402;5673;4068;4375.67;1;1100;1842;3842;4809;1998;7833;3304;0;4.45;7.45;15.53;19.45;8.08;31.68;13.36
8323;2025;27.18;5607;6736;8588;9010;4694;3900.50;175;2316;1607;4422;5550;3757;11562;5355;0.50;6.67;4.63;12.73;15.97;10.81;33.28;15.41
8323;2026;27.88;5620;6752;8658;9159;4755;4016.42;170;2361;1622;4507;5583;3763;11673;5360;0.49;6.74;4.63;12.86;15.93;10.74;33.31;15.30
8323;2027;28.59;5632;6768;8728;9307;4817;4132.34;166;2406;1638;4592;5617;3770;11784;5366;0.47;6.81;4.63;13;15.90;10.67;33.35;15.19
8396;2025;28.04;7577;8522;10989;11771;8426;4154.13;40;2433;2566;5956;8157;4016;17333;6806;0.09;5.14;5.42;12.59;17.24;8.49;36.64;14.39
8396;2026;28.69;7506;8478;11066;11907;8547;4269.61;37;2449;2593;6029;8158;3963;17506;6778;0.08;5.15;5.46;12.69;17.17;8.34;36.84;14.27
8396;2027;29.34;7435;8433;11142;12044;8668;4385.10;34;2466;2620;6101;8160;3910;17678;6751;0.07;5.17;5.49;12.78;17.10;8.19;37.05;14.15
8397;2025;27.59;7627;8241;10382;12173;9494;4904.26;239;2030;2955;6076;7551;3544;18105;7460;0.50;4.23;6.16;12.67;15.75;7.39;37.75;15.55
8397;2026;28.20;7523;8138;10359;12331;9646;5053.68;228;2035;2965;6082;7469;3510;18284;7457;0.48;4.24;6.17;12.66;15.55;7.31;38.07;15.53
8397;2027;28.81;7420;8034;10336;12490;9799;5203.10;218;2040;2975;6089;7386;3475;18464;7455;0.45;4.24;6.18;12.66;15.36;7.22;38.39;15.50
8398;2025;30.03;9407;11040;11959;13267;8465;3356;40;1976;3101;7082;9744;4789;17382;10002;0.07;3.65;5.73;13.09;18.01;8.85;32.12;18.48
8398;2026;30.62;9350;11025;11962;13454;8599;3464.80;40;2003;3124;7140;9767;4755;17537;9998;0.07;3.68;5.75;13.13;17.97;8.75;32.26;18.39
8398;2027;31.21;9292;11010;11964;13640;8734;3573.60;39;2030;3148;7198;9790;4722;17693;9994;0.07;3.72;5.76;13.18;17.93;8.65;32.40;18.30
8399;2025;31.85;30653;33109;34010;31879;21501;4034.01;81;5160;10831;19158;27339;15054;41336;32099;0.05;3.42;7.17;12.68;18.10;9.97;27.36;21.25
8399;2026;32.55;30678;33195;34178;32219;21614;4158.83;83;5236;10980;19307;27415;15104;41481;32205;0.05;3.45;7.23;12.72;18.06;9.95;27.32;21.21
8399;2027;33.25;30704;33280;34346;32558;21728;4283.65;85;5312;11129;19457;27492;15154;41625;32311;0.06;3.48;7.29;12.75;18.02;9.93;27.28;21.18
8401;2025;23.57;3542;4238;6612;7660;4480;5631.82;467;1884;1327;2754;3851;2921;9883;3606;1.75;7.06;4.97;10.32;14.43;10.94;37.03;13.51
8401;2026;24.17;3503;4147;6603;7764;4536;5827.71;464;1889;1321;2763;3839;2896;9950;3588;1.74;7.07;4.95;10.34;14.37;10.84;37.25;13.43
8401;2027;24.78;3464;4056;6593;7868;4592;6023.60;462;1894;1316;2772;3828;2872;10016;3570;1.73;7.09;4.92;10.37;14.32;10.74;37.47;13.36
8404;2025;21.08;1300;1533;1745;1734;1148;3553.73;9;369;658;1086;1298;647;2303;1110;0.12;4.93;8.80;14.52;17.35;8.65;30.79;14.84
8404;2026;21.60;1307;1534;1751;1755;1178;3641.24;9;372;669;1095;1306;646;2327;1127;0.12;4.93;8.86;14.50;17.30;8.56;30.82;14.92
8404;2027;22.12;1314;1536;1757;1776;1208;3728.75;9;375;680;1103;1315;644;2351;1143;0.12;4.92;8.92;14.48;17.26;8.46;30.85;15.00
8405;2025;26.15;4207;5385;6452;6616;3401;3833.14;208;1261;1080;3657;3804;3867;8257;4147;0.79;4.80;4.11;13.92;14.47;14.71;31.42;15.78
8405;2026;26.81;4157;5368;6448;6732;3456;3948.11;200;1280;1080;3694;3811;3862;8350;4108;0.76;4.85;4.09;14;14.44;14.64;31.65;15.57
8405;2027;27.47;4108;5350;6444;6849;3511;4063.07;192;1299;1080;3731;3819;3856;8444;4070;0.72;4.90;4.08;14.08;14.42;14.56;31.88;15.36
8406;2025;28.63;5605;6238;7698;7435;4134;4183.58;190;1529;1302;3863;5115;4534;9205;5440;0.61;4.90;4.18;12.39;16.41;14.54;29.52;17.45
8406;2026;29.30;5557;6218;7736;7575;4165;4327.41;187;1546;1290;3895;5164;4540;9280;5419;0.60;4.94;4.12;12.44;16.49;14.49;29.63;17.30
8406;2027;29.97;5510;6199;7774;7716;4196;4471.23;183;1564;1278;3928;5213;4545;9355;5398;0.58;4.97;4.06;12.48;16.57;14.45;29.73;17.16
8407;2025;29.59;4519;5592;6248;5757;3385;4254.16;151;1211;1467;2897;3603;4386;7071;4720;0.59;4.75;5.75;11.36;14.13;17.19;27.72;18.51
8407;2026;30.29;4465;5590;6236;5819;3425;4395.27;149;1221;1485;2910;3592;4383;7101;4713;0.58;4.78;5.81;11.39;14.06;17.15;27.79;18.44
8407;2027;30.99;4410;5588;6224;5880;3466;4536.38;147;1230;1502;2923;3582;4380;7130;4706;0.57;4.81;5.87;11.42;13.99;17.11;27.85;18.38
8408;2025;21.76;4010;5122;7318;7106;3734;5034.28;280;1777;2404;4156;3847;2690;8824;3245;1.03;6.53;8.83;15.27;14.13;9.88;32.41;11.92
8408;2026;22.26;4003;5093;7369;7236;3779;5180.15;274;1785;2442;4217;3853;2694;8910;3223;1;6.51;8.91;15.39;14.06;9.83;32.52;11.76
8408;2027;22.76;3996;5064;7420;7367;3824;5326.02;268;1792;2481;4279;3860;2698;8998;3201;0.97;6.50;9;15.52;14;9.79;32.63;11.61
8409;2025;26.33;4688;5534;7749;7094;4074;4789.53;205;1758;2354;4486;4351;3209;9139;3806;0.70;6;8.03;15.31;14.85;10.95;31.18;12.99
8409;2026;27.09;4671;5495;7806;7219;4142;4934.58;204;1787;2384;4551;4367;3204;9235;3778;0.69;6.06;8.08;15.42;14.80;10.86;31.30;12.80
8409;2027;27.84;4653;5456;7863;7344;4210;5079.63;203;1816;2414;4616;4383;3199;9330;3750;0.68;6.11;8.12;15.53;14.75;10.77;31.40;12.62
8410;2025;23.84;5875;6600;8018;6897;3672;5160.64;256;1650;1958;4840;5309;4109;8394;4618;0.82;5.30;6.29;15.55;17.05;13.20;26.96;14.83
8410;2026;24.42;5910;6589;8109;7018;3727;5323.86;246;1667;1993;4925;5365;4114;8466;4652;0.78;5.30;6.34;15.67;17.07;13.09;26.94;14.80
8410;2027;24.99;5944;6578;8200;7139;3782;5487.09;236;1684;2029;5010;5421;4119;8538;4686;0.74;5.31;6.40;15.79;17.09;12.98;26.91;14.77
8411;2025;26.50;5390;6137;7302;6576;4273;3657.84;116;1188;1621;3784;5427;3800;8583;5262;0.39;3.99;5.44;12.70;18.22;12.76;28.82;17.67
8411;2026;27;5297;6079;7311;6644;4324;3762.84;110;1195;1627;3796;5419;3777;8605;5226;0.37;4.02;5.47;12.76;18.21;12.69;28.92;17.56
8411;2027;27.50;5204;6020;7320;6712;4376;3867.85;104;1203;1634;3808;5412;3753;8628;5190;0.35;4.05;5.50;12.81;18.20;12.62;29.02;17.46
8412;2025;21.94;4875;5244;7573;7967;4271;4181.28;555;2372;2126;3978;3924;2827;9572;4486;1.86;7.95;7.13;13.33;13.15;9.47;32.08;15.03
8412;2026;22.49;4875;5184;7583;8108;4344;4316.02;541;2418;2152;4001;3892;2813;9650;4510;1.80;8.07;7.18;13.35;12.98;9.38;32.19;15.04
8412;2027;23.03;4874;5124;7592;8248;4416;4450.77;526;2464;2177;4025;3860;2798;9728;4534;1.75;8.18;7.23;13.37;12.82;9.29;32.31;15.06
8413;2025;25.63;6201;7005;8938;7573;4204;4574.44;420;1742;3524;5369;5393;3189;9477;4689;1.24;5.15;10.43;15.88;15.95;9.43;28.04;13.87
8413;2026;26.18;6210;6994;9009;7716;4262;4720.77;421;1763;3575;5435;5437;3191;9578;4664;1.24;5.18;10.50;15.96;15.96;9.37;28.12;13.69
8413;2027;26.73;6220;6983;9080;7859;4320;4867.09;422;1784;3627;5502;5480;3192;9678;4639;1.23;5.20;10.57;16.03;15.97;9.30;28.20;13.51
8414;2025;25.14;6122;6704;7984;6948;3916;4091.79;58;1396;2318;4528;5263;3999;8761;5309;0.18;4.41;7.33;14.31;16.64;12.64;27.70;16.78
8414;2026;25.82;6093;6648;8005;7053;3994;4203.63;57;1412;2344;4545;5243;4013;8845;5294;0.18;4.45;7.38;14.31;16.51;12.64;27.86;16.67
8414;2027;26.51;6064;6593;8026;7158;4072;4315.46;56;1427;2370;4562;5222;4026;8929;5278;0.17;4.48;7.44;14.31;16.39;12.63;28.02;16.56
8415;2025;25.21;6109;6936;7662;6573;3605;4921.21;263;1532;1516;4634;5085;4456;8350;4957;0.85;4.97;4.92;15.05;16.51;14.47;27.12;16.10
8415;2026;25.86;6104;6910;7711;6658;3634;5080.68;259;1552;1536;4714;5083;4419;8400;4956;0.84;5.02;4.97;15.25;16.44;14.29;27.17;16.03
8415;2027;26.51;6100;6882;7761;6744;3662;5240.14;254;1572;1557;4793;5080;4383;8450;4955;0.82;5.06;5.02;15.44;16.36;14.12;27.22;15.96
8416;2025;21.49;3195;4414;5994;6483;3621;4996.66;753;1432;1484;3046;3477;2522;8340;2779;3.16;6.01;6.23;12.78;14.59;10.58;34.99;11.66
8416;2026;21.99;3148;4361;6001;6597;3655;5169.23;744;1439;1504;3070;3482;2482;8414;2746;3.12;6.03;6.30;12.86;14.58;10.39;35.23;11.50
8416;2027;22.48;3100;4309;6008;6712;3688;5341.79;736;1446;1524;3094;3486;2442;8487;2713;3.07;6.05;6.37;12.93;14.57;10.20;35.47;11.34
8417;2025;23.35;1779;1847;2684;3229;1804;3118.24;296;503;590;1106;1391;1432;4234;1750;2.62;4.45;5.22;9.79;12.31;12.67;37.46;15.48
8417;2026;23.85;1755;1811;2670;3283;1828;3220.35;296;509;604;1102;1376;1399;4274;1735;2.62;4.51;5.35;9.76;12.18;12.39;37.83;15.36
8417;2027;24.35;1731;1776;2656;3336;1852;3322.46;296;516;618;1099;1360;1367;4314;1720;2.62;4.57;5.47;9.74;12.05;12.11;38.21;15.24
8499;2025;33.78;17775;16518;15680;14178;8628;3694.95;146;2497;6178;8301;11276;8591;17439;18337;0.20;3.43;8.49;11.41;15.50;11.81;23.97;25.20
8499;2026;34.71;17639;16475;15620;14318;8658;3805.50;150;2514;6255;8253;11197;8510;17414;18409;0.21;3.46;8.60;11.35;15.40;11.71;23.95;25.32
8499;2027;35.64;17504;16432;15560;14459;8688;3916.05;152;2531;6332;8204;11118;8430;17390;18480;0.21;3.48;8.72;11.29;15.31;11.60;23.94;25.44
